domain,google_mentions
trycardinal.ai,43
try.wideframe.com,174000
martini.film,1100
condor.energy,1720
resonate.audio,1920
shofo.ai,3
wayco.ai,60
unifold.io,7
carrotlabs.ai,27
aurorincad.com,299
daivin.tech,6590
grazemate.com,10
origami-robotics.com,5
librarlabs.com,1
therubric.ai,59300
zymbly.com,0
ritivel.com,2
usepolymorph.com,692
pollinate.tech,1
spotpay.ai,271
voygr.tech,71700000
mochacare.com,0
tryvela.ai,3
veriad.com,2670
talkingcomputers.ai,1560
copperlane.ai,9
runcanary.ai,1
usegrade.com,19000
silahq.com,2
trymaven.com,1
usemoda.ai,0
thetokencompany.com,395
beesafe.ai,29
fed10.ai,6
squid.energy,336
usecrow.ai,8
scoutout.ai,47
bookoapp.com,148
corelayer.com,1
general.legal,112000
fort.cx,10
getbalance.ai,25500
chasi.co,10
tryremy.ai,0
buildwithglue.com,9
o11.ai,450
doomersion.com,3
sequencemkts.com,0
dittobio.com,66
servo7.com,1
arzule.com,703
voxelenergy.com,145
polymathlabs.ai,2
bubblelab.ai,194
heypocket.com,281
byteport.io,630
constellationspace.ai,1
mendral.com,3
axionorbital.space,189
oximy.com,173
caretta.so,187
samora.ai,74
humanarchive.ai,5
forum.market,4530
sitefire.ai,6
tryrobby.com,201
ressl.ai,276
emdash.sh,6
congruent.io,201
usereframe.ai,245
valence.trade,8
approxima.ai,90100000
traverse.so,5040
revion.inc,1
maywoodai.com,1
fenrock.ai,309
endclose.com,19100000
usechamber.io,1
patientdesk.ai,279
visiblsemi.com,172
syntheticsciences.ai,81
seeing-systems.com,1
jinba.io,46
usecardboard.com,4
pranadoc.com,4
rhizomeai.com,5
paxhistoria.co,4450
hex.co,373
trylaurence.com,1
terminaluse.com,11800
overshoot.ai,193
caj.al,1610
proximitty.ai,1
stilta.com,2
unisson.ai,2
incidentfox.ai,1
compresr.ai,6
opalitehealth.com,88
confluence.sh,72
mangomedical.io,2
paysponge.com,0
terranox.ai,60
ventura.ai,1220
orthogonal.com,34
perfectly.so,508000
getfern.ai,1400
sparkles.dev,4
eigenpal.com,1
usesalus.ai,6
arcline-ai.com,5460
ramain.ai,3
milliray.com,258000000
beyondreachlabs.com,1
tryoctapulse.com,2
codewisp.ai,4
ashr.io,1
aemon.ai,2
luel.ai,124
schedulingwiz.com,5
robodock.tech,2
skillsync.wiki,5
mousecat.ai,1
zatanna.ai,112
autositu.com,9
verdexai.com,2
cumuluslabs.io,1
tepali.com,19200000
palus.finance,10
21st.dev,1880
avoice.co,12300000
kytentech.com,1
zerosettle.io,0
usecarson.com,562
openspec.dev,87
pirislabs.io,3
celltype.com,146000
trainburt.com,1
envariant.ai,183000
runcascade.com,0
beaconhealth.ai,419
strandai.com,13000
tryclam.com,1
protent.ai,3
cofia.ai,1
getnoetic.ai,0
legalos.ai,62
sentrial.com,1
10xscience.com,218
rev1.so,7
shortkit.dev,9550000
tryasimov.ai,3
lexius.ai,3
axisanalysis.com,936
sonarly.com,1
docurahealth.com,34
lance.live,2250
runanywhere.ai,182
lucenthq.com,4
rumacare.com,2
klausai.com,2
usekita.com,2
syntropy.io,8
onerobot.io,13800
didit.me,2940
pantainsure.com,3
payna.com,1
origin.bio,1660
hlaboratories.com,1
helloeos.ai,1
valgo.ai,42
arcprize.org,784
corvera.ai,5
fullseam.com,16900
catchbackcards.com,150
mantisbiotech.com,1
haladir.com,2
claimglide.com,1
inviscidai.com,44
ndea.com,51
crosslayerlabs.com,0
voltairlabs.com,4
vectorlegal.com,766
generalastro.com,778
oxus-ai.com,0
runcaptain.com,6
agenticfabriq.com,2
travoai.com,3
velum-labs.com,3
alt-x.co,3
buttoncomputer.com,2
pollen.cx,2
autumnai.com,1
overdrive.health,162
returnsignals.com,17400
gru.space,4340
usebidflow.com,0
menza.ai,259
tryq2q.com,2
