name,website,yc_url
Cardinal,https://trycardinal.ai/,https://www.ycombinator.com/companies/trycardinal-ai
Wideframe,https://try.wideframe.com/,https://www.ycombinator.com/companies/wideframe
Martini,https://martini.film/,https://www.ycombinator.com/companies/martini
Condor Energy,https://www.condor.energy/,https://www.ycombinator.com/companies/condor-energy
Resonate,https://resonate.audio/,https://www.ycombinator.com/companies/resonate
Shofo,https://shofo.ai/,https://www.ycombinator.com/companies/shofo
Wayco,https://wayco.ai/,https://www.ycombinator.com/companies/wayco
Unifold,https://unifold.io/,https://www.ycombinator.com/companies/unifold
Carrot Labs,https://carrotlabs.ai/,https://www.ycombinator.com/companies/carrot-labs
Aurorin CAD,https://aurorincad.com/,https://www.ycombinator.com/companies/aurorin-cad
DAIVIN!,https://www.daivin.tech/,https://www.ycombinator.com/companies/daivin
GrazeMate,https://grazemate.com/,https://www.ycombinator.com/companies/grazemate
Origami Robotics,https://www.origami-robotics.com/,https://www.ycombinator.com/companies/origami-robotics
Librar Labs,https://www.librarlabs.com/,https://www.ycombinator.com/companies/librar-labs
Rubric AI,https://therubric.ai/,https://www.ycombinator.com/companies/rubric-ai
Zymbly,https://www.zymbly.com/,https://www.ycombinator.com/companies/zymbly
Ritivel,https://www.ritivel.com/,https://www.ycombinator.com/companies/ritivel
Polymorph,https://usepolymorph.com/,https://www.ycombinator.com/companies/polymorph
Pollinate,https://www.pollinate.tech/,https://www.ycombinator.com/companies/pollinate
SpotPay,https://www.spotpay.ai/,https://www.ycombinator.com/companies/spotpay
VOYGR,https://voygr.tech/,https://www.ycombinator.com/companies/voygr
MochaCare,https://www.mochacare.com/,https://www.ycombinator.com/companies/mochacare
Vela,https://tryvela.ai/ps,https://www.ycombinator.com/companies/vela
Veriad,https://veriad.com/,https://www.ycombinator.com/companies/veriad
Talking Computers,https://talkingcomputers.ai/,https://www.ycombinator.com/companies/talking-computers
Copperlane,https://www.copperlane.ai/,https://www.ycombinator.com/companies/copperlane
Canary,https://www.runcanary.ai/,https://www.ycombinator.com/companies/canary
Grade,https://usegrade.com/,https://www.ycombinator.com/companies/grade
Sila,https://silahq.com/,https://www.ycombinator.com/companies/sila
Maven,https://trymaven.com/,https://www.ycombinator.com/companies/maven
Moda,https://usemoda.ai/,https://www.ycombinator.com/companies/moda
The Token Company,https://thetokencompany.com/,https://www.ycombinator.com/companies/the-token-company
BeeSafe AI,https://beesafe.ai/,https://www.ycombinator.com/companies/beesafe-ai
Fed10,https://www.fed10.ai/,https://www.ycombinator.com/companies/fed10
Squid,https://squid.energy/,https://www.ycombinator.com/companies/squid
Crow,https://www.usecrow.ai/,https://www.ycombinator.com/companies/crow
Scout Out,https://scoutout.ai/,https://www.ycombinator.com/companies/scout-out
Booko,https://bookoapp.com/,https://www.ycombinator.com/companies/booko
Corelayer,https://www.corelayer.com/,https://www.ycombinator.com/companies/corelayer
General Legal,https://general.legal/,https://www.ycombinator.com/companies/general-legal
Fort,https://fort.cx/,https://www.ycombinator.com/companies/fort
Balance,https://getbalance.ai/,https://www.ycombinator.com/companies/getbalance
Chasi,https://chasi.co/,https://www.ycombinator.com/companies/chasi
Remy AI,https://www.tryremy.ai/,https://www.ycombinator.com/companies/remy-ai
Glue,https://buildwithglue.com/,https://www.ycombinator.com/companies/glue
o11,https://o11.ai/,https://www.ycombinator.com/companies/o11
Doomersion,https://doomersion.com/,https://www.ycombinator.com/companies/doomersion
Sequence Markets,https://sequencemkts.com/,https://www.ycombinator.com/companies/sequence-markets
Ditto Biosciences,https://www.dittobio.com/,https://www.ycombinator.com/companies/ditto-biosciences
Servo7,https://servo7.com/,https://www.ycombinator.com/companies/servo7
Arzule,https://www.arzule.com/,https://www.ycombinator.com/companies/arzule
Voxel Energy,https://voxelenergy.com/,https://www.ycombinator.com/companies/voxel-energy
Polymath,https://polymathlabs.ai/,https://www.ycombinator.com/companies/polymath
Bubble Lab,https://bubblelab.ai/,https://www.ycombinator.com/companies/bubble-lab
Pocket,https://heypocket.com/now,https://www.ycombinator.com/companies/pocket
Byteport,https://byteport.io/,https://www.ycombinator.com/companies/byteport
Constellation Space,https://constellationspace.ai/,https://www.ycombinator.com/companies/constellation-space
Mendral,https://mendral.com/,https://www.ycombinator.com/companies/mendral
AxionOrbital Space,https://axionorbital.space/,https://www.ycombinator.com/companies/axionorbital-space
Oximy,https://oximy.com/,https://www.ycombinator.com/companies/oximy
Caretta,https://www.caretta.so/,https://www.ycombinator.com/companies/caretta
Samora AI,https://samora.ai/,https://www.ycombinator.com/companies/samora-ai
Human Archive,https://www.humanarchive.ai/,https://www.ycombinator.com/companies/human-archive
Forum,https://www.forum.market/,https://www.ycombinator.com/companies/forum
sitefire,https://sitefire.ai/,https://www.ycombinator.com/companies/sitefire
Robby,https://tryrobby.com/,https://www.ycombinator.com/companies/robby
Ressl AI,https://ressl.ai/,https://www.ycombinator.com/companies/ressl-ai
Emdash,https://emdash.sh/,https://www.ycombinator.com/companies/emdash
Congruent,https://congruent.io/,https://www.ycombinator.com/companies/congruent
Reframe,http://usereframe.ai/,https://www.ycombinator.com/companies/usereframe
Valence,https://valence.trade/,https://www.ycombinator.com/companies/valence
Approxima,https://approxima.ai/,https://www.ycombinator.com/companies/approxima
Traverse,https://www.traverse.so/,https://www.ycombinator.com/companies/traverse
Revion,https://revion.inc/,https://www.ycombinator.com/companies/revion
Maywood,https://maywoodai.com/,https://www.ycombinator.com/companies/maywood
Fenrock AI,https://fenrock.ai/,https://www.ycombinator.com/companies/fenrock-ai
End Close,https://endclose.com/,https://www.ycombinator.com/companies/end-close
Chamber,https://www.usechamber.io/,https://www.ycombinator.com/companies/chamber
Patientdesk.ai,https://patientdesk.ai/,https://www.ycombinator.com/companies/patientdeskai
Visibl Semiconductors,https://visiblsemi.com/,https://www.ycombinator.com/companies/visibl-semiconductors
Synthetic Sciences,https://syntheticsciences.ai/,https://www.ycombinator.com/companies/synthetic-sciences
Seeing Systems,https://www.seeing-systems.com/,https://www.ycombinator.com/companies/seeing-systems
Jinba,https://jinba.io/,https://www.ycombinator.com/companies/jinba
Cardboard,https://usecardboard.com/,https://www.ycombinator.com/companies/cardboard
Prana,https://pranadoc.com/,https://www.ycombinator.com/companies/prana-health
Rhizome AI,https://rhizomeai.com/,https://www.ycombinator.com/companies/rhizome-ai
Pax Historia,https://www.paxhistoria.co/,https://www.ycombinator.com/companies/pax-historia
Hex Security,https://hex.co/,https://www.ycombinator.com/companies/hex-security
Laurence,https://trylaurence.com/,https://www.ycombinator.com/companies/laurence
Terminal Use,https://www.terminaluse.com/,https://www.ycombinator.com/companies/terminal-use
Overshoot,https://overshoot.ai/,https://www.ycombinator.com/companies/overshoot
Cajal,https://caj.al/,https://www.ycombinator.com/companies/cajal-technologies
Proximitty,https://proximitty.ai/,https://www.ycombinator.com/companies/proximitty
Stilta,https://stilta.com/,https://www.ycombinator.com/companies/stilta
Unisson,https://www.unisson.ai/,https://www.ycombinator.com/companies/unisson
IncidentFox,https://incidentfox.ai/,https://www.ycombinator.com/companies/brownie
Compresr,https://compresr.ai/,https://www.ycombinator.com/companies/compresr
Opalite Health,http://opalitehealth.com/,https://www.ycombinator.com/companies/opalite-health
Confluence Labs,https://confluence.sh/,https://www.ycombinator.com/companies/confluence-labs
Mango Medical,https://mangomedical.io/,https://www.ycombinator.com/companies/mango-medical-inc
Sponge,https://paysponge.com/,https://www.ycombinator.com/companies/sponge
Terranox AI,https://terranox.ai/,https://www.ycombinator.com/companies/terranox-ai
Ventura,https://www.ventura.ai/,https://www.ycombinator.com/companies/ventura
Orthogonal,https://orthogonal.com/,https://www.ycombinator.com/companies/orthogonal
Perfectly,https://www.perfectly.so/,https://www.ycombinator.com/companies/perfectly
Fern (Formerly Ishiki Labs),https://getfern.ai/,https://www.ycombinator.com/companies/ishikilabs
Sparkles,https://sparkles.dev/,https://www.ycombinator.com/companies/sparkles
EigenPal,https://www.eigenpal.com/,https://www.ycombinator.com/companies/eigenpal
Salus,https://www.usesalus.ai/,https://www.ycombinator.com/companies/salus
Arcline,https://www.arcline-ai.com/,https://www.ycombinator.com/companies/arcline
RamAIn,https://ramain.ai/,https://www.ycombinator.com/companies/ramain
Milliray (formerly DroneTector),https://milliray.com/,https://www.ycombinator.com/companies/milliray
Beyond Reach Labs,https://www.beyondreachlabs.com/,https://www.ycombinator.com/companies/beyond-reach-labs
OctaPulse,https://www.tryoctapulse.com/,https://www.ycombinator.com/companies/octapulse
CodeWisp,https://codewisp.ai/,https://www.ycombinator.com/companies/codewisp
Ashr,https://ashr.io/,https://www.ycombinator.com/companies/ashr
Aemon,https://aemon.ai/,https://www.ycombinator.com/companies/aemon
Luel,https://luel.ai/,https://www.ycombinator.com/companies/luel
Scheduling Wizard,https://www.schedulingwiz.com/,https://www.ycombinator.com/companies/scheduling-wizard
RoboDock,https://www.robodock.tech/,https://www.ycombinator.com/companies/robodock
Skillsync,https://skillsync.wiki/,https://www.ycombinator.com/companies/skillsync
MouseCat,https://www.mousecat.ai/,https://www.ycombinator.com/companies/mousecat
Zatanna,https://www.zatanna.ai/,https://www.ycombinator.com/companies/zatanna
AutoSitu,https://autositu.com/,https://www.ycombinator.com/companies/autositu
Verdex,https://www.verdexai.com/,https://www.ycombinator.com/companies/verdex
Cumulus Labs,https://cumuluslabs.io/,https://www.ycombinator.com/companies/cumulus-labs
Tepali,https://tepali.com/,https://www.ycombinator.com/companies/tepali
Palus Finance,https://palus.finance/,https://www.ycombinator.com/companies/palus-finance
21st,https://21st.dev/,https://www.ycombinator.com/companies/21st
Avoice,https://avoice.co/,https://www.ycombinator.com/companies/avoice
Kyten Technologies,https://kytentech.com/,https://www.ycombinator.com/companies/kyten-technologies
ZeroSettle,https://zerosettle.io/,https://www.ycombinator.com/companies/zerosettle
Carson,https://usecarson.com/,https://www.ycombinator.com/companies/carson
OpenSpec,http://openspec.dev/,https://www.ycombinator.com/companies/openspec
Piris Labs,https://pirislabs.io/,https://www.ycombinator.com/companies/pirislabs
CellType,https://www.celltype.com/,https://www.ycombinator.com/companies/celltype
Burt,https://www.trainburt.com/,https://www.ycombinator.com/companies/burt
Envariant,https://envariant.ai/,https://www.ycombinator.com/companies/envariant
Cascade,https://runcascade.com/,https://www.ycombinator.com/companies/cascade
Beacon Health,https://www.beaconhealth.ai/,https://www.ycombinator.com/companies/beacon-health
Strand AI,https://strandai.com/,https://www.ycombinator.com/companies/strand-ai
Clam (formerly Baseframe),https://tryclam.com/,https://www.ycombinator.com/companies/clam
Protent,https://protent.ai/,https://www.ycombinator.com/companies/protent
Cofia,https://cofia.ai/,https://www.ycombinator.com/companies/cofia
noetic,https://getnoetic.ai/,https://www.ycombinator.com/companies/noetic
LegalOS,https://www.legalos.ai/,https://www.ycombinator.com/companies/legalos
Sentrial,https://sentrial.com/,https://www.ycombinator.com/companies/sentrial
10x Science,https://10xscience.com/,https://www.ycombinator.com/companies/10x-science
REV1,https://rev1.so/,https://www.ycombinator.com/companies/rev1
shortkit,https://www.shortkit.dev/,https://www.ycombinator.com/companies/shortkit
Asimov,https://tryasimov.ai/,https://www.ycombinator.com/companies/asimov
Lexius,https://www.lexius.ai/,https://www.ycombinator.com/companies/lexius
Axis,https://axisanalysis.com/,https://www.ycombinator.com/companies/axis-2
Sonarly,https://sonarly.com/,https://www.ycombinator.com/companies/sonarly
Docura Health,https://docurahealth.com/,https://www.ycombinator.com/companies/docura-health
Lance,https://www.lance.live/,https://www.ycombinator.com/companies/lance
RunAnywhere,https://www.runanywhere.ai/,https://www.ycombinator.com/companies/runanywhere
Lucent,https://lucenthq.com/,https://www.ycombinator.com/companies/lucent
Ruma Care,https://rumacare.com/,https://www.ycombinator.com/companies/ruma-care
Klaus AI,https://klausai.com/,https://www.ycombinator.com/companies/klaus-ai
Kita,https://www.usekita.com/,https://www.ycombinator.com/companies/kita
Syntropy,https://syntropy.io/,https://www.ycombinator.com/companies/syntropy
One Robot,https://www.onerobot.io/,https://www.ycombinator.com/companies/one-robot
Didit,https://didit.me/,https://www.ycombinator.com/companies/didit
Panta,https://pantainsure.com/,https://www.ycombinator.com/companies/panta
Payna,https://payna.com/,https://www.ycombinator.com/companies/payna
Origin,https://origin.bio/,https://www.ycombinator.com/companies/origin-bio
Hlabs,https://www.hlaboratories.com/,https://www.ycombinator.com/companies/hlabs
Eos AI,https://www.helloeos.ai/,https://www.ycombinator.com/companies/eos-ai
Valgo,https://valgo.ai/,https://www.ycombinator.com/companies/valgo
ARC Prize Foundation,https://arcprize.org/,https://www.ycombinator.com/companies/arc-prize-foundation
Corvera,https://www.corvera.ai/,https://www.ycombinator.com/companies/corvera
FullSeam,https://fullseam.com/,https://www.ycombinator.com/companies/fullseam
CatchBack Cards,https://catchbackcards.com/,https://www.ycombinator.com/companies/catchback-cards
Mantis,https://mantisbiotech.com/,https://www.ycombinator.com/companies/mantis
Haladir,https://www.haladir.com/,https://www.ycombinator.com/companies/haladir
ClaimGlide,https://claimglide.com/,https://www.ycombinator.com/companies/claimglide
Inviscid AI,https://inviscidai.com/,https://www.ycombinator.com/companies/inviscid-ai
Ndea,https://ndea.com/,https://www.ycombinator.com/companies/ndea-com
Crosslayer Labs,https://www.crosslayerlabs.com/,https://www.ycombinator.com/companies/crosslayer-labs
Voltair,https://voltairlabs.com/,https://www.ycombinator.com/companies/voltair
Vector Legal,https://vectorlegal.com/,https://www.ycombinator.com/companies/vector-legal
General Astronautics,https://generalastro.com/,https://www.ycombinator.com/companies/generalastro
Oxus,https://oxus-ai.com/,https://www.ycombinator.com/companies/oxus
Captain,https://runcaptain.com/,https://www.ycombinator.com/companies/captain
Agentic Fabriq,https://www.agenticfabriq.com/,https://www.ycombinator.com/companies/agentic-fabriq
Travo,https://www.travoai.com/,https://www.ycombinator.com/companies/travo
Velum Labs,https://www.velum-labs.com/,https://www.ycombinator.com/companies/velum-labs
Alt-X,https://alt-x.co/,https://www.ycombinator.com/companies/alt-x
Button Computer,https://buttoncomputer.com/,https://www.ycombinator.com/companies/button-computer
Pollen,https://www.pollen.cx/,https://www.ycombinator.com/companies/pollen
Autumn AI,https://autumnai.com/,https://www.ycombinator.com/companies/autumn-ai
Overdrive Health,https://overdrive.health/,https://www.ycombinator.com/companies/overdrive-health
Return Signals,https://www.returnsignals.com/,https://www.ycombinator.com/companies/return-signals
"Galactic Resource Utilization Space, Inc. (GRU Space)",https://gru.space/,https://www.ycombinator.com/companies/galactic-resource-utilization-space-inc-gru-space
Bidflow,https://usebidflow.com/,https://www.ycombinator.com/companies/bidflow
Menza,https://menza.ai/,https://www.ycombinator.com/companies/menza
Q2Q,https://www.tryq2q.com/,https://www.ycombinator.com/companies/q2q
