name,domain,website,batch,one_liner,tags
Drip,drippay.dev,https://drippay.dev/,P26,Infrastructure to replace most monetization tooling,"B2B, Sales Enablement, Billing, Infrastructure"
Minicor,minicor.com,https://minicor.com,P26,"Managed, self healing desktop automation at scale",
Archer,archermoney.com,https://archermoney.com/,P26,Instant payouts for work and incentives.,"Crypto / Web3, Finance"
Hub.xyz,hub.xyz,http://hub.xyz,P26,API for real-world training data.,"Artificial Intelligence, Data Labeling, Big Data, AI"
Humwork,humwork.ai,https://humwork.ai,P26,Connect AI agents to human experts in 30 seconds,
ProjectX,projectx.cloud,https://www.projectx.cloud/,P26,Infinity: the first OS where humans and agents work with no limits.,"Artificial Intelligence, Marketplace, DevOps, Cloud Computing, Infrastructure"
Cohesion,cohesionplatform.com,https://cohesionplatform.com/,P26,Your public equities agentic teammate ,"Fintech, SaaS, Investing"
OpenWork,openworklabs.com,https://openworklabs.com,P26,The open source alternative to Claude Cowork,
Callab AI,callab.ai,https://callab.ai,P26,AI voice agents for enterprise telephony systems.,"B2B, Call Center, AI"
Ontora,ontora.com,https://ontora.com,P26,AI agents that interview every employee to map how work gets done.,"Artificial Intelligence, B2B, Analytics, Operations"
Eden Robotics,edenrobotics.ai,https://www.edenrobotics.ai,P26,Autonomous services for humanity.,"Artificial Intelligence, Robotic Process Automation, Robotics, Automation"
Lightsprint,lightsprint.ai,https://lightsprint.ai,P26,Collaborative product development platform that lets non-engineering…,Developer Tools
Tasklet,tasklet.ai,https://tasklet.ai,P26,The cloud agent operating system for knowledge work,
Asendia AI,asendia.ai,https://asendia.ai/,P26,AI Recruiters for Staffing Agencies and Enterprise,"Artificial Intelligence, Recruiting, AI"
Revnu,revnu.app,https://revnu.app/,P26,Everything but the app itself,"Developer Tools, Marketing"
Elyra,elyrasystems.com,https://www.elyrasystems.com/,P26,AI for Restaurant Reservations,"Artificial Intelligence, SaaS, Restaurant Tech"
Trellis,trellistech.com,https://trellistech.com,P26,Autonomous Agents for Short Term Rentals,
Napkin Math,napkinmath.club,https://napkinmath.club,P26,"Building Napkin Math, AI-powered food journaling for real people","Artificial Intelligence, Consumer, Fitness, Digital Health, Food"
Juno,juno-chat.com,https://juno-chat.com/,P26,AI Health Assistant for Chronic Illness,"Health Tech, Health & Wellness, Consumer Products"
Sidekick,textsidekick.com,https://www.textsidekick.com/,P26,AI-powered SMS assistant for deskless workers.,"SaaS, B2B, AI Assistant"
Huscarl,huscarl.io,https://www.huscarl.io/,P26,Actuarial intelligence for corporate risk managers,"Generative AI, Insurance, Customization"
GovGuard,govguard.com,https://govguard.com,P26,AI Infrastructure for Government Agencies,GovTech
Kimpton AI,kimpton.ai,https://kimpton.ai,P26,AI for portfolio managers,"Fintech, Investing, AI"
Saudara AI,saudara.ai,https://saudara.ai,P26,AI-native Sourcing Agency,"Marketplace, B2B, AI"
Kinect,trykinect.ai,https://www.trykinect.ai/,P26,Personalized storefronts for every visitor,"B2B, E-commerce, Conversational AI"
Bloom,trybloom.ai,https://trybloom.ai,P26,Bloom is the Brand OS for your business. ,
Mount,mount.insure,https://mount.insure,P26,Insure and secure your AI Agents,"AIOps, Artificial Intelligence, Security, Insurance, AI"
RentAHuman,rentahuman.ai,https://rentahuman.ai,P26,Marketplace for AI agents to hire humans.,"Marketplace, AI"
Gojiberry AI,gojiberry.ai,https://www.gojiberry.ai,P26,GTM Brain for small sales teams ,
Klaimee,klaimee.ai,https://www.klaimee.ai,P26,"Insurance for the agentic world. You deploy agents, we cover you.","AIOps, Artificial Intelligence, SaaS, Insurance, AI"
Silmaril,silmaril.dev,https://silmaril.dev,P26,Prompt injection defense that is self-healing,Security
primitive,primitive.dev,https://primitive.dev,P26,Communication for agents,"Artificial Intelligence, Developer Tools, Automation, Email, Infrastructure"
Ardent,tryardent.com,https://tryardent.com,P26,Database sandboxes for Agents,"Data Engineering, Infrastructure, AI"
Mochatrade,mochatrade.com,https://www.mochatrade.com,P26,US stock perps for global traders,"Fintech, Crypto / Web3, Consumer Finance"
Pairio,pairio.com,https://pairio.com,P26,AI-native industrial maintenance software,"SaaS, B2B, Manufacturing"
Prism,tryprism.com,https://tryprism.com/,P26,AI-native recruiting agency,"Recruiting, HR Tech, Talent Acquisition, AI"
Gigacatalyst,gigacatalyst.com,https://gigacatalyst.com/,P26,Customize your software to every user with AI,"Artificial Intelligence, SaaS, Enterprise, No-code"
Tenet Industries,tenetindustries.com,https://www.tenetindustries.com,P26,Drones as ammunition. ,"Hardware, Drones, Manufacturing, Industrial"
Stage,stagereview.app,https://www.stagereview.app/,P26,Code review platform for today’s engineers,"Developer Tools, SaaS"
InsForge,insforge.dev,https://insforge.dev/,P26,The backend AI agents can actually use,"Developer Tools, Open Source, Infrastructure"
TesterArmy,tester.army,https://tester.army,P26,"Test your app with AI, catch bugs before users do",AI
Lamina Labs,laminalabs.ai,https://laminalabs.ai,P26,Visual infrastructure for EdTech AI applications,"Education, Video, Edtech"
Pulsent,pulsent.ai,https://pulsent.ai/,P26,"AI Agents that watch, engage and convert your users.","Artificial Intelligence, SaaS, B2B, Sales Enablement, Monitoring"
Smartbase,smartbase.so,https://www.smartbase.so/,P26,Automated order entry for manufacturers,"SaaS, B2B, Workflow Automation, Manufacturing, Automation"
matforge,matforge.ai,https://matforge.ai/,P26,AI scientists to discover semiconductor materials,"Artificial Intelligence, Advanced Materials, Semiconductors, AI"
Imperfect,imperfect.co,https://imperfect.co,P26,AI coach that connects your wearables to get you race day ready,"Fitness, Health & Wellness, AI, AI Assistant"
fuchsia,getfuchsia.ai,https://getfuchsia.ai/,P26,"AI that gets hardware compliance done in weeks, not months.","Hardware, Robotics, Compliance, AI"
Inth,inth.com,https://inth.com,P26,Privacy Infrastructure for Developers,"Compliance, Web Development"
Keyframe Labs,keyframelabs.com,https://keyframelabs.com,P26,Turn agents into lifelike video calls. $0.06 a minute.,"B2B, Video, API, AI"
Andustry,andustry.com,http://andustry.com/,P26,AI to source and sell industrial products,"Marketplace, Sales, Manufacturing, Procurement, Industrial"
Foaster,foaster.ai,https://foaster.ai,P26,Your AI-native partner for AI transformation. ,"Artificial Intelligence, B2B, Enterprise Software"
Regbase,regbase.com,https://regbase.com,P26,"Tracking global laws, grants and consultations","Legal, Sales Enablement, LegalTech, Regtech"
Aster,asterlab.ai,https://www.asterlab.ai/,P26,The First AI-Native AI Research Lab,"Artificial Intelligence, AI"
AICE Power,aicepower.com,https://aicepower.com,P26,Smart energy monitoring for buildings.,"Batteryless IoT Sensors, Hardware, Climate"
Cignara,cignara.com,https://cignara.com/,P26,AI voice & chat agents for sales and customer support at large B2C…,"AI, AI Assistant"
Refortifai,refortif.ai,https://refortif.ai,P26,Runtime security for AI agents,"B2B, Security, AI"
qomplement,qomplement.com,https://qomplement.com/,P26,AI Agents for Document Filling,"Documents, B2B, AI"
Arga Labs,argalabs.com,https://www.argalabs.com/,P26,The validation infrastructure for AI agents,"Developer Tools, SaaS, Infrastructure"
Modern,getmodern.ai,https://getmodern.ai,P26,"AI agents for IT, HR & Operations teams","AIOps, Artificial Intelligence, SaaS, B2B, Healthcare IT"
Benchspan,benchspan.com,https://www.benchspan.com,P26,Real-time threat detection for AI agents in production,"AIOps, Analytics, Security, Infrastructure, AI"
Arzana,arzana.ai,https://arzana.ai,P26,AI automation for the manufacturing office,"Manufacturing, Automation, Operations, AI, Industrial"
Dayjob,getdayjob.ai,https://www.getdayjob.ai,P26,AI Agents for Industrial Logistics,"Logistics, Transportation, AI"
Dispatch,dispatch.space,https://dispatch.space/,P26,Satellites for manufacturing in space,"Manufacturing, Aerospace, Advanced Materials"
StableBrowse,stablebrowse.com,https://stablebrowse.com/,P26,Browser for AI agents,"API, Automation, Web Development, AI"
Pentagon,pentagon.run,https://pentagon.run,P26,"Your AI agents, working as a team.","Artificial Intelligence, Enterprise Software"
InLoop Robotics,inloop-robotics.com,https://inloop-robotics.com/,P26,Deploying robots that ask for help!,"Artificial Intelligence, Hard Tech, Robotics, Logistics"
Lumius,lumius-imaging.com,https://www.lumius-imaging.com,P26,"Fast, smart, accessible 3D ultrasound for everyone","Hard Tech, Medical Devices, Digital Health"
Datost,datost.com,https://www.datost.com,P26,AI data analyst in Slack. Democratize data.,"B2B, Analytics, AI Assistant"
Korso,korsoai.com,https://korsoai.com/,P26,The Intelligence Layer for Manufacturing.,"SaaS, Manufacturing, AI"
Nine Fives,ninefives.com,https://ninefives.com/,P26,"Simple, Networked, Driverless, RF Test Equipment","Radar, Telecommunications, Electronics"
Alchemy,alchemyai.dev,https://www.alchemyai.dev/,P26,AI-powered image analysis for life sciences,"AI-powered Drug Discovery, Machine Learning, SaaS, Biotech, Automation"
Framewise Health,framewisehealth.com,https://framewisehealth.com,P26,AI-personalized patient recovery videos,"SaaS, Health Tech, B2B"
Totalis,totalis.trade,https://www.totalis.trade,P26,derivative layer for prediction markets,"DeFi, APIs"
Taiga,usetaiga.com,https://usetaiga.com,P26,Full-stack Medical Billing Services,AI
Runtime,runtm.com,https://www.runtm.com/,P26,Let all your team ship safely with coding agents,"Artificial Intelligence, Developer Tools"
smol machines,smolmachines.com,https://smolmachines.com/,P26,"Ship software faster with portable, self contained virtual machines.","Cloud Computing, Infrastructure"
Kuli,kuli.one,https://kuli.one,P26,Claude Cowork for social media and creator marketers,"Artificial Intelligence, SaaS, B2B, Social Media"
Maquoketa Research,maquoketa.net,https://www.maquoketa.net,P26,Intelligent one-way attack drones,"Artificial Intelligence, Hardware, Drones, Computer Vision, Manufacturing"
Userlens,userlens.io,https://userlens.io,P26,AI agents that predicts churn months before it happens. ,"SaaS, Customer Success, Enterprise Software, AI Assistant"
Kinro,kinro.ai,https://www.kinro.ai/,P26,AI sales agents for insurance. Sell everywhere your buyers are.,
Replicas,replicas.dev,https://replicas.dev,P26,Background coding agents for engineering teams,"Developer Tools, API, AI"
Salesgraph,salesgraph.com,https://www.salesgraph.com/,P26,the context layer for fast moving sales teams,"SaaS, B2B, Sales"
Lab0,lab0.ai,https://lab0.ai,P26,Automated forward-deployed engineers (AI FDEs),"Artificial Intelligence, B2B"
Standard Signal,standardsignal.com,https://standardsignal.com,P26,Hedge fund where AI researches and executes every trade,"Finance, AI"
Ara,ara.so,https://ara.so,P26,personal ai cloud computing for everyone,"Artificial Intelligence, Developer Tools, Consumer"
Harbor,runharbor.com,https://runharbor.com/,P26,AI system-of-record for clinical trial data,"SaaS, Health Tech, B2B, Healthcare"
Saffron,trysaffron.ai,https://www.trysaffron.ai/,P26,AI-Native Technical Assessments and Work Trials. ,"SaaS, Human Resources, HR Tech"
Complir,complir.io,https://complir.io/,P26,Vanta for physical products,"Retail, Regtech, Consumer Products"
Sherpa,ithsherpa.ai,https://www.withsherpa.ai/,P26,Turn more website visitors into customers,"Artificial Intelligence, SaaS, B2B, Marketing, AI"
Amboras,amboras.com,https://amboras.com,P26,Let AI sell your stuff on autopilot,"Generative AI, B2B, E-commerce"
BioStack Platforms,getbiostack.com,https://www.getbiostack.com/,P26,Real world training envs for healthcare AI models,
Interfaze,interfaze.ai,https://interfaze.ai,P26,AI model built for deterministic developer tasks,"Deep Learning, Developer Tools, Generative AI"
Sazabi,sazabi.com,https://www.sazabi.com/,P26,The AI-native observability platform for fast-moving engineering teams,Developer Tools
Playabl.ai,playabl.ai,https://playabl.ai,P26,Prompt-to-play AI game builder for everyone,"Artificial Intelligence, B2B, Gaming"
Adialante,adialante.com,http://www.adialante.com,P26,Cancer screening without barriers,"Hardware, Medical Devices, Health & Wellness"
Manicule,manicule.dev,https://manicule.dev,P26,AI Native Technical Documentation Studio,"Developer Tools, B2B, AI"
Clara,askclara.com,http://askclara.com,P26,AI primary care doctor,"Telehealth, Healthcare, Telemedicine, AI"
Indexable,ix.dev,https://ix.dev,P26,sandbox infrastructure for AI agents,Artificial Intelligence
Superset,superset.sh,https://www.superset.sh/,P26,IDE for the AI Agents Era,AI
Standout,standout.work,https://standout.work,P26,The Hollywood agent for startup talent,"Artificial Intelligence, Consumer, Recruiting, Careers"
9 Mothers,9mothers.com,https://9mothers.com,P26,AI weapon systems,"Hard Tech, Hardware, Drones, GovTech, Aerospace"
"Gikl, Inc",scienceswarm.ai,https://scienceswarm.ai,P26,Accelerating scientific discovery with AI,"Swarm AI, AI, AI Assistant"
